{
  "title": "Category",
  "uid": "category",
  "inbuilt_class": false,
  "schema": [
    {
      "display_name": "Title",
      "uid": "title",
      "data_type": "text",
      "mandatory": true,
      "unique": true,
      "field_metadata": {
        "_default": true
      },
      "multiple": false
    },
    {
      "display_name": "URL",
      "uid": "url",
      "data_type": "text",
      "mandatory": false,
      "field_metadata": {
        "_default": true
      },
      "multiple": false,
      "unique": false
    },
    {
      "data_type": "text",
      "display_name": "Description",
      "uid": "description",
      "field_metadata": {
        "description": "",
        "default_value": "",
        "multiline": true,
        "error_message": ""
      },
      "format": "",
      "multiple": false,
      "mandatory": false,
      "unique": false
    }
  ],
  "maintain_revisions": true,
  "description": "",
  "options": {
    "is_page": true,
    "singleton": false,
    "title": "title",
    "sub_title": [],
    "url_pattern": "/:unique_id",
    "url_prefix": "/category/"
  }
}