{
  "title": "Footer",
  "uid": "footer",
  "inbuilt_class": false,
  "schema": [
    {
      "display_name": "Title",
      "uid": "title",
      "data_type": "text",
      "mandatory": true,
      "unique": true,
      "field_metadata": {
        "_default": true
      },
      "multiple": false
    },
    {
      "data_type": "text",
      "display_name": "Footer Message",
      "uid": "footer_message",
      "field_metadata": {
        "description": "",
        "default_value": "",
        "error_message": ""
      },
      "format": "",
      "multiple": false,
      "mandatory": false,
      "unique": false
    },
    {
      "data_type": "link",
      "display_name": "Developer Link",
      "uid": "developer_link",
      "field_metadata": {
        "description": "",
        "default_value": ""
      },
      "multiple": false,
      "mandatory": false,
      "unique": false
    }
  ],
  "maintain_revisions": true,
  "description": "",
  "options": {
    "is_page": false,
    "singleton": true,
    "title": "title",
    "sub_title": []
  }
}