{
  "title": "Header",
  "uid": "header",
  "inbuilt_class": false,
  "schema": [
    {
      "display_name": "Title",
      "uid": "title",
      "data_type": "text",
      "mandatory": true,
      "unique": true,
      "field_metadata": {
        "_default": true
      },
      "multiple": false
    },
    {
      "data_type": "file",
      "display_name": "Site Logo",
      "uid": "site_logo",
      "field_metadata": {
        "description": "",
        "rich_text_type": "standard",
        "image": true
      },
      "multiple": false,
      "mandatory": false,
      "unique": false
    },
    {
      "data_type": "group",
      "display_name": "Navigation",
      "field_metadata": {},
      "schema": [
        {
          "data_type": "text",
          "display_name": "Title",
          "uid": "title",
          "field_metadata": {
            "description": "",
            "default_value": "",
            "error_message": "",
            "isTitle": true
          },
          "format": "",
          "mandatory": true,
          "multiple": false,
          "unique": false
        },
        {
          "data_type": "reference",
          "display_name": "Category",
          "reference_to": "category",
          "field_metadata": {
            "ref_multiple": false
          },
          "uid": "category",
          "mandatory": true,
          "multiple": false,
          "unique": false
        }
      ],
      "uid": "navigation",
      "multiple": true,
      "mandatory": false,
      "unique": false
    }
  ],
  "maintain_revisions": true,
  "description": "",
  "options": {
    "is_page": false,
    "singleton": true,
    "title": "title",
    "sub_title": []
  }
}